USE [Accounting]
GO

--- Table: Countries
SET IDENTITY_INSERT Countries ON
INSERT INTO Countries (Id, [Name]) VALUES
(1, 'Austria'),
(2, 'France'),
(3, 'Germany'),
(4, 'Italy'),
(5, 'Spain'),
(6, 'Sweden'),
(7, 'Greece'),
(8, 'Romania'),
(9, 'Slovakia')
SET IDENTITY_INSERT Countries OFF

--- Table: Addresses
SET IDENTITY_INSERT Addresses ON
INSERT INTO Addresses (Id, StreetName, StreetNumber, PostCode, City, CountryId) VALUES
(1, 'Gnigler strasse', 57, 5020, 'Salzburg', 1),
(2, 'Gewerbestrasse', 12, 5165, 'Berndorf bei Salzburg', 1),
(3, 'Industriestr', 79, 2353, 'Guntramsdorf', 1),
(4, 'Gadnergasse', 71, 1110, 'Wien', 1),
(5, 'Sperrwies', 1, 94036, 'Passau', 3),
(6, 'Loc Autoporto', 5, 11020, 'Pollein', 5),
(7, 'Rue de le industrie', 14, 51350, 'Conmontreuil', 2),
(8, 'Gullbergs Strandgata', 36, 41104, 'Goeteborg', 6),
(9, 'Industriestasse', 1, 83607, 'Holzkirchen', 3),
(10, 'Rudolf-Diesel Str.', 3, 49456, 'Bakum', 3),
(11, 'Mobel-Hubner Str.', 6, 16356, 'Ahrensfelde am Bumberg', 3),
(12, 'Merkurstasse', 17, 67663, 'Kaiserslautern', 3),
(13, 'Berliner Strasse', 77, 44143, 'Dortmund', 3),
(14, 'Sarmiento', 11, 94000, 'Aranda de duero', 5),
(15, 'Carretera de Madrid', 240, 20080, 'Albacete', 5),
(16, 'Carretera', 330, 50400, 'Carinena', 5),
(17, 'Avda. Mas Pins', 56, 17458, 'Girona', 4),
(18, 'Rue de moulin brou', 6, 10000, 'Bourg en Bresse', 2),
(19, 'Av des Chabauds', 415, 13320, 'Boul Bel Air', 2),
(20, 'Route de Orleans', 37, 27000, 'Evreux', 2),
(21, 'Rue de la Gare', 17, 29670, 'Taule', 2),
(22, 'Avenue de la Biste', 457, 34670, 'Baillargues', 2),
(23, 'Via Tasso', 25, 208630, 'Rome', 4),
(24, 'Via dei Piazzoli', 1, 24040, 'Suisio', 4),
(25, 'Via Emilia Pavese', 75, 29015, 'Castel San Giovanni', 4),
(26, 'Zona Industrial Nord', 5, 33097, 'Spilimergo', 4),
(27, 'Iroon Polytechniou', 36, 26441, 'Patra', 7),
(28, 'Oktovriou street', 26, 54627, 'Thessaloniki', 7),
(29, 'Iuliu Manio', 592, 35468, 'Bucuresti', 8),
(30, 'Tipografilor', 11, 13714, 'Bucuresti', 8),
(31, 'Bzenov', 3, 82042, 'Bzenov', 9),
(32, 'Dialnica cesta', 2, 90301, 'Senec', 9)
SET IDENTITY_INSERT Addresses OFF

--- Table: Vendors
SET IDENTITY_INSERT Vendors ON
INSERT INTO Vendors(Id, [Name], NumberVAT, AddressId) VALUES
(1, 'BECCARO ALFEO EREDI SNC', 'IT00062510938', 26),
(2, 'FREIGHTS PC', 'EL801106064', 28),
(3, 'IVECO TRUCK SERVICES SRL', 'RO31625301', 30),
(4, 'LE RELAIS DES PRIMEURS', 'FR64431553163', 21),
(5, 'MHS TRUCK SERVICE SRL', 'RO33935139', 29),
(6, 'RINALDI GOMME 2012 SRL', 'IT03750390167', 24),
(7, 'SARL HEBERGECO', 'FR75532664075', 20),
(8, 'SARL SOVI 34', 'FR63432629426', 22),
(9, 'SCANIA SLOVAKIA SRO', 'SK2020261144', 32),
(10, 'SPEDOX,SRO', 'SK2023911087', 31),
(11, 'TEAM SERVICE CAR SRL', 'IT00931980965', 23),
(12, 'TECNO TRUCK FLLI BEQIRI', 'IT01825150335', 25),
(13, 'TRANS CARGO', 'EL099517837', 27)
SET IDENTITY_INSERT Vendors OFF

--- Table: Clients
SET IDENTITY_INSERT Clients ON
INSERT INTO Clients(Id, [Name], NumberVAT, AddressId) VALUES
(1, 'ALPENTRANS SPEDITION UND', 'ATU33814209', 1),
(2, 'B & H TRANSPORT LOGISTIK', 'ATU53998900', 2),
(3, 'BTS GMBH & CO KG', 'DE814592224', 13),
(4, 'DPS EUROPE AB', 'SE556488676901', 8),
(5, 'FAHRZEUGBEDARF KOTZ & CO', 'ATU19169904', 3),
(6, 'FRANZ SCHMID GMBH & CO K', 'DE129169278', 9),
(7, 'JOSEF PAUL GMBH & COKG', 'DE131605560', 5),
(8, 'JUAN Y ENRIQUE SANCHEZ GA', 'ESB02020543', 15),
(9, 'KAMEEN LOGISTIC KG', 'ATU75339778', 4),
(10, 'LOPERBEN SL', 'ESB24242765', 17),
(11, 'OFFICINA TURBOCAR SNC', 'IT00364840074', 6),
(12, 'ROMO BELLIDO SOCIEDAD LIM', 'ESB13131654', 16),
(13, 'SARL FLEXATRANS', 'FR28503105314', 19),
(14, 'SAS BOURG EN BRESSE GESTI', 'FR93525106811', 18),
(15, 'SAS TURBOTRUCKS REIMS', 'FR23752934406', 7),
(16, 'SUDBECK NUTZFAHRZEUGE GMB', 'DE117775708', 10),
(17, 'TALLERES MAVIMA SL', 'ESB26163097', 14),
(18, 'TCB TRUCK CENTER BLUMBERG', 'DE185298679', 11),
(19, 'TG TRUCKS GMBH', 'DE254185437', 12)
SET IDENTITY_INSERT Clients OFF

--- Table: Categories
SET IDENTITY_INSERT Categories ON
INSERT INTO Categories (Id, [Name]) VALUES
(1, 'Filters'),
(2, 'Lights'),
(3, 'ADR'),
(4, 'Tyres'),
(5, 'Others')
SET IDENTITY_INSERT Categories OFF

--- Table: Products
SET IDENTITY_INSERT Products ON
INSERT INTO Products (Id, [Name], Price, CategoryId, VendorId) VALUES
(1, 'HELLA-Light bulb H7', 3.75, 2, 10),
(2, 'Belt details black 150 mm-135/180mm', 1.58, 5, 4),
(3, 'ADR Anti-slip pad-Big-20cm/80cm/8mm', 27.79, 3, 2),
(4, 'Fire extinguisher 6kg ABC', 44.84, 5, 1),
(5, 'ADR plate', 14.97, 3, 9),
(6, 'ADR-plate for bulk cargo', 17.15, 3, 11),
(7, 'BAY-Light bulb 5W double light', 0.48, 2, 1),
(8, 'HELLA-Light bulb H3', 1.66, 2, 7),
(9, 'Michelin Dynamic-Battery-230Ah HD', 309.76, 4, 3),
(10, 'Groupage board-Load limiter', 79.33, 3, 11),
(11, 'Continental D M+S 295/60R22.5', 12.48, 4, 5),
(12, 'HELLA-Windshield wipers-55cm DAF', 7.81, 2, 1),
(13, 'ADR eyes cleaner water', 13.17, 3, 6),
(14, 'Buffer rubber for trailer 6610646', 17.67, 5, 13),
(15, 'Air bag for trailer', 130.06, 5, 8),
(16, 'Fender for trailer', 40, 5, 9),
(17, 'Break pads for trailer', 89.6, 5, 13),
(18, 'ADR light', 21.25, 3, 7),
(19, 'Continental M+S 315/60R22.5', 78.38, 4, 10),
(20, 'Antifreeze liquid', 4.56, 5, 12),
(21, 'Michelin D M+S 295/60R22.5', 18.31, 4, 1),
(22, 'DAF-Fuel Filter HU1210', 40.25, 1, 10),
(23, 'DAF-Oil filter 95XF-HU12103X', 27.77, 1, 1),
(24, 'DAF-water pump XF-105-T36528', 20.22, 5, 5),
(25, 'DAF-Filter small particles', 205.83, 1, 12),
(26, 'DAF-Filter 9PK1380', 261.48, 1, 13),
(27, 'DAF-Oil filter XF95-105-T36528', 191, 1, 11),
(28, 'DAF-Air filter VIG-055020', 43.14, 1, 13),
(29, 'MAN Filter CU3855', 31.67, 1, 5),
(30, 'MAN Filter CUK32001', 20.99, 1, 6),
(31, 'MANN FILTER PU1059X', 31.67, 1, 4),
(32, 'MANN FILTER HU12140X', 92.47, 1, 2),
(33, 'MANN FILTER HU12006Z', 27.5, 1, 13),
(34, 'MANN FILTER WK1080/7X', 375, 1, 3),
(35, 'MANN FILTER PL420X', 125.92, 1, 7),
(36, 'MAN FILTER U58/9KIT', 84, 1, 12),
(37, 'MAN FILTER HU12103X', 4.07, 1, 11),
(38, 'MAN FILTER PU999/1X', 51.7, 1, 4),
(39, 'MAN FILTER C811', 19.87, 1, 4),
(40, 'MAN FILTER H601/4', 6.05, 1, 13),
(41, 'MAN FILTER U6202Y KIT', 47.86, 1, 2),
(42, 'MAN-Air Filter-LX1024 08594459 HD', 18.78, 1, 2),
(43, 'DAF-Filter AdBlue-D6042 1457436042', 41.09, 1, 11),
(44, 'DAF-Oil Filter-LA50/1 76417570 HD', 2.09, 1, 9),
(45, 'DAF-Oil Filter-LC4 70541958 HD', 0.88, 1, 2),
(46, 'DAF-Air Filter-LX2838 HD', 77.44, 1, 9),
(47, 'MAN-Oil Filter-KC522D HD', 16.37, 1, 10),
(48, 'HENGST E103KP01D197-2', 65.74, 4, 8),
(49, 'HENGST E123H01D194', 8, 4, 2),
(50, 'HENGST E82', 271.51, 4, 3),
(51, 'MAHLE HX80', 98.06, 4, 3),
(52, 'MAHLE KC 522D', 108.3, 4, 4),
(53, 'MAHLE KX400KIT', 26.13, 4, 11),
(54, 'MAHLE LA50/1', 14.48, 4, 7),
(55, 'MAHLE OX434D', 91.37, 4, 1),
(56, 'GOODYEAR FUELMAX D M+S 295/60R22.5', 34.16, 3, 6),
(57, 'GOODYEAR FUELMAX S HL M+S 315/60R22', 19.45, 3, 3),
(58, 'Lightbulb BOR5W 24V BA15S BA5S', 17.31, 2, 12),
(59, 'Lightbulb H1 24V/70W', 14.88, 2, 8),
(60, 'Lightbulb H11 24V/70W', 49.96, 2, 3),
(61, 'Lightbulb H4 24V  75/70W', 125.41, 2, 6),
(62, 'Lightbulb HELLA, H3', 123, 2, 5),
(63, 'Lightbulb HELLA, H7', 36.28, 2, 8),
(64, 'Lightbulb OS c10w 12', 9.13, 2, 3),
(65, 'Lightbulb P/W V/W BAY', 172.47, 2, 10),
(66, 'Lightbulb P21W 24V/21W', 1.36, 2, 3),
(67, 'Lightbulb PY21W 24V/21W', 1.63, 2, 5),
(68, 'MAN-Filter 9PK1380', 1.63, 1, 6),
(69, 'Steel armor for trailer', 1350, 5, 3),
(70, 'DAF Filter CUK32001', 2.02, 1, 8),
(71, 'DAF FILTER PU1059X', 22.18, 1, 9),
(72, 'DAF FILTER HU12140X', 42.49, 1, 12),
(73, 'DAF FILTER HU12006Z', 34.95, 1, 7),
(74, 'DAF FILTER WK1080/7X', 53.29, 1, 5),
(75, 'DAF FILTER PL420X', 26.63, 1, 12),
(76, 'DAF FILTER U58/9KIT', 53.66, 1, 6),
(77, 'DAF FILTER HU12103X', 164.45, 1, 9),
(78, 'DAF FILTER PU999/1X', 22.89, 1, 10),
(79, 'DAF FILTER C811', 9.71, 1, 4),
(80, 'DAF FILTER H601/4', 59.7, 1, 7),
(81, 'MAN-Fuel Filter HU1210', 28.71, 1, 3),
(82, 'MAN-Filter small particles', 21.27, 1, 8)
SET IDENTITY_INSERT Products OFF

--- Table: Invoices
SET IDENTITY_INSERT Invoices ON
INSERT INTO Invoices (Id, Number, Amount, IssueDate, DueDate, Currency, ClientId) VALUES
(1, 213573806, 913.13, '2022-08-29', '2022-10-28', 'BGN', 1),
(2, 219066487, 891.76, '2022-08-31', '2022-10-30', 'EUR', 2),
(3, 320983369, 704.48, '2022-09-05', '2022-11-04', 'USD', 3),
(4, 349121203, 656.54, '2022-09-06', '2022-11-05', 'BGN', 4),
(5, 365934879, 615.15, '2022-09-07', '2022-11-06', 'EUR', 5),
(6, 417785520, 600.89, '2022-09-08', '2022-11-07', 'USD', 6),
(7, 513023920, 587.98, '2022-09-09', '2022-11-08', 'BGN', 7),
(8, 530365535, 569.49, '2022-09-14', '2022-11-13', 'EUR', 8),
(9, 569533220, 538.4, '2022-09-15', '2022-11-14', 'USD', 9),
(10, 596263448, 533.65, '2022-09-19', '2022-11-18', 'BGN', 10),
(11, 600039547, 461.35, '2022-09-29', '2022-11-28', 'EUR', 11),
(12, 606451761, 426.12, '2022-09-30', '2022-11-29', 'USD', 12),
(13, 632708754, 420.6, '2022-10-03', '2022-12-02', 'BGN', 13),
(14, 646497305, 406.81, '2022-10-04', '2022-12-03', 'EUR', 14),
(15, 694667890, 391.17, '2022-10-08', '2022-12-07', 'USD', 15),
(16, 792857191, 370.16, '2022-10-09', '2022-12-08', 'BGN', 16),
(17, 822907656, 288.05, '2022-10-10', '2022-12-09', 'EUR', 17),
(18, 840508350, 264.04, '2022-10-13', '2022-12-12', 'USD', 18),
(19, 872713054, 252.3, '2022-10-15', '2022-12-14', 'BGN', 19),
(20, 900908073, 235.8, '2022-10-19', '2022-12-18', 'EUR', 1),
(21, 1000523817, 224.92, '2022-10-20', '2022-12-19', 'USD', 2),
(22, 1024928303, 214.76, '2022-10-25', '2022-12-24', 'BGN', 3),
(23, 1025903049, 187.97, '2022-10-27', '2022-12-26', 'EUR', 4),
(24, 1050368026, 180.96, '2022-10-31', '2022-12-30', 'USD', 5),
(25, 1079309386, 172.02, '2022-11-14', '2023-01-13', 'BGN', 6),
(26, 1098453621, 170.73, '2022-11-15', '2023-01-14', 'BGN', 7),
(27, 1219992180, 167.22, '2022-11-16', '2023-01-15', 'EUR', 8),
(28, 1335016815, 166.23, '2022-11-30', '2023-01-29', 'USD', 9),
(29, 1367556811, 166.15, '2022-12-05', '2023-02-03', 'BGN', 10),
(30, 1397352548, 161.98, '2022-12-12', '2023-02-10', 'EUR', 11),
(31, 1404621816, 158.15, '2022-12-14', '2023-02-12', 'USD', 12),
(32, 1631251456, 152.73, '2022-12-15', '2023-02-13', 'BGN', 13),
(33, 1655834411, 129.78, '2022-12-19', '2023-02-17', 'EUR', 14),
(34, 1729252339, 113.45, '2022-12-20', '2023-02-18', 'USD', 15),
(35, 1797790302, 105.85, '2022-12-21', '2023-02-19', 'BGN', 16),
(36, 1836322839, 67.52, '2022-12-31', '2023-03-01', 'EUR', 17),
(37, 1857389238, 48.9, '2023-01-02', '2023-03-03', 'USD', 18),
(38, 1861429795, 22.68, '2023-01-08', '2023-03-09', 'BGN', 19),
(39, 1864276656, 22.68, '2023-01-13', '2023-03-14', 'EUR', 1),
(40, 1919060405, 22.68, '2023-01-15', '2023-03-16', 'USD', 2),
(41, 1945620439, 21.79, '2023-01-23', '2023-03-24', 'BGN', 3),
(42, 1950101010, 21.62, '2023-01-26', '2023-03-27', 'EUR', 1),
(43, 2014836737, 21.62, '2023-01-31', '2023-04-01', 'USD', 2),
(44, 2023139249, 21.62, '2023-02-01', '2023-04-02', 'BGN', 3),
(45, 2031941837, 21.59, '2023-02-02', '2023-04-03', 'EUR', 1),
(46, 2038697846, 21.52, '2023-02-15', '2023-04-16', 'USD', 2),
(47, 2076843944, 17.6, '2023-02-28', '2023-04-29', 'BGN', 3)
SET IDENTITY_INSERT Invoices OFF

--- Table: ProductsClients
INSERT INTO ProductsClients (ProductId, ClientId) VALUES
(1, 1),
(1, 4),
(1, 5),
(1, 13),
(1, 17),
(3, 14),
(3, 2),
(3, 7),
(3, 5),
(3, 6),
(3, 15),
(3, 3),
(3, 17),
(4, 3),
(4, 16),
(4, 6),
(4, 7),
(4, 9),
(4, 17),
(4, 18),
(5, 4),
(5, 9),
(5, 16),
(5, 7),
(5, 3),
(5, 17),
(5, 19),
(6, 1),
(6, 5),
(6, 7),
(6, 9),
(6, 18),
(9, 2),
(9, 6),
(9, 9),
(9, 10),
(9, 19),
(10, 1),
(10, 3),
(10, 7),
(10, 10),
(10, 11),
(13, 9),
(14, 10),
(15, 11),
(16, 11),
(17, 13),
(18, 14),
(19, 15),
(20, 16),
(21, 2),
(21, 11),
(21, 13),
(21, 17),
(29, 3),
(29, 11),
(29, 13),
(29, 18),
(30, 4),
(30, 13),
(30, 19),
(31, 1),
(31, 5),
(31, 14),
(32, 2),
(32, 6),
(32, 15),
(33, 3),
(33, 7),
(33, 17),
(34, 4),
(34, 7),
(34, 17),
(35, 5),
(36, 6),
(37, 7),
(37, 2),
(40, 9),
(41, 10),
(41, 11),
(42, 11),
(42, 3),
(43, 11),
(43, 10),
(44, 13),
(45, 14),
(45, 4),
(46, 15),
(46, 11),
(47, 16),
(47, 13),
(48, 17),
(48, 11),
(49, 18),
(49, 13),
(50, 19),
(50, 14),
(51, 1),
(51, 15),
(53, 2),
(54, 3),
(55, 4),
(56, 5),
(57, 6),
(58, 7),
(59, 7),
(60, 9),
(61, 10),
(62, 11),
(63, 9),
(63, 11),
(63, 18),
(65, 10),
(65, 13),
(65, 19),
(66, 1),
(66, 11),
(66, 14),
(67, 2),
(67, 13),
(67, 15),
(68, 3),
(68, 13),
(68, 16),
(69, 17),
(70, 18),
(71, 19),
(72, 1),
(73, 2),
(73, 4),
(73, 14),
(74, 3),
(74, 5),
(74, 15),
(75, 4),
(75, 6),
(75, 17),
(77, 5),
(77, 7),
(77, 17),
(79, 6),
(79, 7),
(79, 18),
(81, 7),
(81, 9),
(81, 19),
(82, 1),
(82, 7),
(82, 10)